{
  "analysis_timestamp": "2025-09-19 09:05:40",
  "baseline_performance": {
    "papers_processed": 21,
    "processing_time_seconds": 0.05470395088195801,
    "papers_per_second": 383.88452134498465,
    "time_per_paper_ms": 2.6049500419980007,
    "memory_peak_mb": 0.08124446868896484,
    "memory_per_paper_kb": 3.961635044642857,
    "dhatu_operations": 378,
    "cpu_utilization_percent": 45.65
  },
  "corpus_size_estimates": {
    "small_pilot": {
      "target_papers": 100,
      "description": "Small pilot study",
      "estimated_time_seconds": 0.26049500419980004,
      "estimated_time_hours": 7.235972338883335e-05,
      "estimated_time_days": 3.014988474534723e-06,
      "estimated_memory_mb": 0.386878422328404,
      "estimated_memory_gb": 0.00037781095930508206,
      "papers_per_second": 383.88452134498465,
      "scale_factor": 4.761904761904762
    },
    "medium_research": {
      "target_papers": 1000,
      "description": "Medium research corpus",
      "estimated_time_seconds": 3.2561875524975004,
      "estimated_time_hours": 0.0009044965423604167,
      "estimated_time_days": 3.768735593168403e-05,
      "estimated_memory_mb": 4.642541067940848,
      "estimated_memory_gb": 0.0045337315116609845,
      "papers_per_second": 307.1076170759877,
      "scale_factor": 47.61904761904762
    },
    "large_validation": {
      "target_papers": 10000,
      "description": "Large validation corpus",
      "estimated_time_seconds": 32.561875524975,
      "estimated_time_hours": 0.009044965423604168,
      "estimated_time_days": 0.0003768735593168403,
      "estimated_memory_mb": 46.42541067940848,
      "estimated_memory_gb": 0.04533731511660984,
      "papers_per_second": 307.1076170759877,
      "scale_factor": 476.1904761904762
    },
    "industrial_scale": {
      "target_papers": 100000,
      "description": "Industrial scale processing",
      "estimated_time_seconds": 325.61875524975,
      "estimated_time_hours": 0.09044965423604166,
      "estimated_time_days": 0.003768735593168403,
      "estimated_memory_mb": 464.25410679408475,
      "estimated_memory_gb": 0.4533731511660984,
      "papers_per_second": 307.1076170759878,
      "scale_factor": 4761.9047619047615
    },
    "full_arxiv": {
      "target_papers": 2000000,
      "description": "Complete ArXiv corpus",
      "estimated_time_seconds": 6512.375104995001,
      "estimated_time_hours": 1.8089930847208335,
      "estimated_time_days": 0.07537471186336807,
      "estimated_memory_mb": 9285.082135881696,
      "estimated_memory_gb": 9.067463023321968,
      "papers_per_second": 307.1076170759877,
      "scale_factor": 95238.09523809524
    }
  },
  "hardware_requirements": {
    "small_pilot": {
      "hardware_tier": "laptop",
      "recommended_cores": 4,
      "recommended_ram_gb": 8,
      "estimated_cost_usd": 0.0,
      "parallelization_potential": 1.0
    },
    "medium_research": {
      "hardware_tier": "laptop",
      "recommended_cores": 4,
      "recommended_ram_gb": 8,
      "estimated_cost_usd": 0.0,
      "parallelization_potential": 4
    },
    "large_validation": {
      "hardware_tier": "laptop",
      "recommended_cores": 4,
      "recommended_ram_gb": 8,
      "estimated_cost_usd": 0.0,
      "parallelization_potential": 4
    },
    "industrial_scale": {
      "hardware_tier": "laptop",
      "recommended_cores": 4,
      "recommended_ram_gb": 8,
      "estimated_cost_usd": 0.0,
      "parallelization_potential": 4
    },
    "full_arxiv": {
      "hardware_tier": "workstation",
      "recommended_cores": 8,
      "recommended_ram_gb": 32,
      "estimated_cost_usd": 0.9044965423604168,
      "parallelization_potential": 8
    }
  },
  "optimization_potential": {
    "parallel_processing": {
      "description": "Multi-core parallel processing",
      "speedup_factor": 4.0,
      "memory_overhead": 1.2,
      "implementation_complexity": "medium"
    },
    "compiled_patterns": {
      "description": "Pre-compiled regex patterns",
      "speedup_factor": 2.0,
      "memory_overhead": 1.1,
      "implementation_complexity": "low"
    },
    "streaming_processing": {
      "description": "Stream processing for large files",
      "speedup_factor": 1.0,
      "memory_overhead": 0.1,
      "implementation_complexity": "high"
    },
    "rust_implementation": {
      "description": "Rust-based core processing",
      "speedup_factor": 5.0,
      "memory_overhead": 0.5,
      "implementation_complexity": "high"
    },
    "gpu_acceleration": {
      "description": "GPU-accelerated text processing",
      "speedup_factor": 10.0,
      "memory_overhead": 2.0,
      "implementation_complexity": "very_high"
    },
    "realistic_combined": {
      "description": "Realistic combination of optimizations",
      "speedup_factor": 13.226410390991369,
      "memory_overhead": 0.812403840463596,
      "implementation_complexity": "high"
    }
  },
  "recommendations": [
    "🔧 Priority optimizations: 1) Parallel processing 2) Compiled patterns 3) Rust core",
    "📊 Expected combined speedup: 8-15x with realistic optimizations"
  ]
}