{
  "cpu_performance": 24215681.263920028,
  "gpu_projected": 774901800.4454409,
  "gpu_specs": {
    "name": "Radeon HD 7750",
    "stream_processors": 512,
    "base_clock_mhz": 800,
    "memory_bandwidth_gbps": 72,
    "tflops_fp32": 0.82
  },
  "test_timestamp": 1758301551.7849193
}