{
  "cpu_size_10": {
    "device_type": "CPU",
    "total_texts": 10,
    "total_pipeline_time_seconds": 0.011981725692749023,
    "texts_per_second_pipeline": 834.6043179783106,
    "step_breakdown": {
      "dhatu_vectorization": {
        "time_seconds": 0.0034787654876708984,
        "percentage": 29.033926972440554,
        "results": {
          "device_type": "CPU",
          "num_texts": 10,
          "num_dhatus": 9,
          "iterations": 10,
          "total_time_seconds": 0.0003446340560913086,
          "texts_per_second": 29016.28502248357,
          "time_per_text_ms": 0.03446340560913086,
          "vectors_shape": [
            10,
            9
          ],
          "memory_usage_mb": 0.00034332275390625,
          "sample_vector": [
            0.10589688271284103,
            0.16054338216781616,
            0.1275084912776947,
            0.12503859400749207,
            0.10064835101366043,
            0.08675517141819,
            0.12828032672405243,
            0.07949984818696976,
            0.08582895994186401
          ]
        }
      },
      "prime_base_computation": {
        "time_seconds": 0.003459453582763672,
        "percentage": 28.872748980200974,
        "results": {
          "device_type": "CPU",
          "num_documents": 10,
          "num_dhatus": 9,
          "num_prime_bases": 10,
          "iterations": 10,
          "total_time_seconds": 0.0003417491912841797,
          "documents_per_second": 29261.225059299566,
          "time_per_document_ms": 0.03417491912841797,
          "output_shape": [
            10,
            10
          ],
          "memory_usage_mb": 0.0003814697265625,
          "sample_prime_bases": [
            1.4518370628356934,
            4.08212423324585,
            96.07564544677734,
            16842.84765625,
            20190312.0,
            75656384.0,
            634572480.0,
            1535008128.0,
            7011611648.0,
            44385148928.0
          ]
        }
      },
      "ambiguity_detection": {
        "time_seconds": 0.004376888275146484,
        "percentage": 36.52969853745896,
        "results": {
          "device_type": "CPU",
          "num_documents": 10,
          "num_bases": 10,
          "iterations": 10,
          "total_time_seconds": 0.00013391971588134767,
          "documents_per_second": 74671.60405910628,
          "time_per_document_ms": 0.013391971588134766,
          "output_shape": [
            10
          ],
          "memory_usage_mb": 3.814697265625e-05,
          "sample_scores": [
            5.202018209426833e+19,
            2.2382267384645393e+20,
            6.504554219467021e+19,
            1.383483903256591e+20,
            7.073241424562068e+19
          ],
          "mean_ambiguity": 1.1091488032129915e+20,
          "std_ambiguity": Infinity
        }
      }
    }
  },
  "cpu_size_50": {
    "device_type": "CPU",
    "total_texts": 50,
    "total_pipeline_time_seconds": 0.022150516510009766,
    "texts_per_second_pipeline": 2257.283706111554,
    "step_breakdown": {
      "dhatu_vectorization": {
        "time_seconds": 0.01469874382019043,
        "percentage": 66.35846985124749,
        "results": {
          "device_type": "CPU",
          "num_texts": 50,
          "num_dhatus": 9,
          "iterations": 10,
          "total_time_seconds": 0.0014663457870483399,
          "texts_per_second": 34098.369185243,
          "time_per_text_ms": 0.029326915740966797,
          "vectors_shape": [
            50,
            9
          ],
          "memory_usage_mb": 0.00171661376953125,
          "sample_vector": [
            0.10589688271284103,
            0.16054338216781616,
            0.1275084912776947,
            0.12503859400749207,
            0.10064835101366043,
            0.08675517141819,
            0.12828032672405243,
            0.07949984818696976,
            0.08582895994186401
          ]
        }
      },
      "prime_base_computation": {
        "time_seconds": 0.0038270950317382812,
        "percentage": 17.277678513766602,
        "results": {
          "device_type": "CPU",
          "num_documents": 50,
          "num_dhatus": 9,
          "num_prime_bases": 10,
          "iterations": 10,
          "total_time_seconds": 0.00037596225738525393,
          "documents_per_second": 132992.07305472763,
          "time_per_document_ms": 0.007519245147705078,
          "output_shape": [
            50,
            10
          ],
          "memory_usage_mb": 0.0019073486328125,
          "sample_prime_bases": [
            1.4518370628356934,
            4.08212423324585,
            96.07564544677734,
            16842.84765625,
            20190312.0,
            75656384.0,
            634572480.0,
            1535008128.0,
            7011611648.0,
            44385148928.0
          ]
        }
      },
      "ambiguity_detection": {
        "time_seconds": 0.0018069744110107422,
        "percentage": 8.15770779067014,
        "results": {
          "device_type": "CPU",
          "num_documents": 50,
          "num_bases": 10,
          "iterations": 10,
          "total_time_seconds": 0.00015556812286376953,
          "documents_per_second": 321402.60536398465,
          "time_per_document_ms": 0.0031113624572753906,
          "output_shape": [
            50
          ],
          "memory_usage_mb": 0.00019073486328125,
          "sample_scores": [
            5.202018209426833e+19,
            2.2382267384645393e+20,
            6.504554219467021e+19,
            1.383483903256591e+20,
            7.073241424562068e+19
          ],
          "mean_ambiguity": 9.19355328150949e+19,
          "std_ambiguity": Infinity
        }
      }
    }
  },
  "cpu_size_100": {
    "device_type": "CPU",
    "total_texts": 100,
    "total_pipeline_time_seconds": 0.03799629211425781,
    "texts_per_second_pipeline": 2631.8357512173084,
    "step_breakdown": {
      "dhatu_vectorization": {
        "time_seconds": 0.028664588928222656,
        "percentage": 75.44048993524422,
        "results": {
          "device_type": "CPU",
          "num_texts": 100,
          "num_dhatus": 9,
          "iterations": 10,
          "total_time_seconds": 0.0028618812561035157,
          "texts_per_second": 34942.0507181179,
          "time_per_text_ms": 0.028618812561035156,
          "vectors_shape": [
            100,
            9
          ],
          "memory_usage_mb": 0.0034332275390625,
          "sample_vector": [
            0.10589688271284103,
            0.16054338216781616,
            0.1275084912776947,
            0.12503859400749207,
            0.10064835101366043,
            0.08675517141819,
            0.12828032672405243,
            0.07949984818696976,
            0.08582895994186401
          ]
        }
      },
      "prime_base_computation": {
        "time_seconds": 0.004270076751708984,
        "percentage": 11.238140655589579,
        "results": {
          "device_type": "CPU",
          "num_documents": 100,
          "num_dhatus": 9,
          "num_prime_bases": 10,
          "iterations": 10,
          "total_time_seconds": 0.0004216432571411133,
          "documents_per_second": 237167.31693525586,
          "time_per_document_ms": 0.004216432571411133,
          "output_shape": [
            100,
            10
          ],
          "memory_usage_mb": 0.003814697265625,
          "sample_prime_bases": [
            1.4518370628356934,
            4.08212423324585,
            96.07564544677734,
            16842.84765625,
            20190312.0,
            75656384.0,
            634572480.0,
            1535008128.0,
            7011611648.0,
            44385148928.0
          ]
        }
      },
      "ambiguity_detection": {
        "time_seconds": 0.001871347427368164,
        "percentage": 4.925079062296069,
        "results": {
          "device_type": "CPU",
          "num_documents": 100,
          "num_bases": 10,
          "iterations": 10,