{
  "timestamp": "2025-09-19 11:06:46",
  "system_info": {
    "cpu_cores": 16,
    "ram_gb": 62.74987030029297
  },
  "quick_test": {
    "corpus_size": 1000,
    "throughput": 5763.845143274902,
    "processing_time": 0.17349529266357422
  },
  "benchmark": {
    "individual_results": {
      "size_500": {
        "corpus_size": 500,
        "processing_time": 0.11316442489624023,
        "throughput": 4418.349675336988,
        "memory_used_gb": 0.000240325927734375
      },
      "size_1000": {
        "corpus_size": 1000,
        "processing_time": 0.22648000717163086,
        "throughput": 4415.4007785869635,
        "memory_used_gb": 0.000522613525390625
      },
      "size_2000": {
        "corpus_size": 2000,
        "processing_time": 0.8357574939727783,
        "throughput": 2393.0386678233513,
        "memory_used_gb": 0.001277923583984375
      },
      "size_5000": {
        "corpus_size": 5000,
        "processing_time": 2.0701065063476562,
        "throughput": 2415.3346625732956,
        "memory_used_gb": 0.002002716064453125
      }
    },
    "summary": {
      "best_throughput": 4418.349675336988,
      "average_throughput": 3410.53094608015,
      "scaling_quality": "good"
    }
  }
}