{
  "streaming_size_1000": {
    "total_texts": 1000,
    "total_batches": 1,
    "processing_time": 0.03922557830810547,
    "texts_per_second": 25493.5693272714,
    "average_batch_time": 0.0389409065246582,
    "peak_memory_usage": 35.2,
    "memory_efficiency": {
      "memory_limit_gb": 28.444827270507812,
      "peak_usage_percent": 35.2,
      "average_usage_percent": 35.2,
      "memory_stable": 